{"cameraMode":{"drawMode":0,"name":"Shaded","section":"Shading Mode"},"sceneLighting":true,"audioPlay":false,"sceneViewState":{"showFog":true,"showMaterialUpdate":false,"showSkybox":true,"showFlares":true,"showImageEffects":true,"showParticleSystems":true},"in2DMode":false,"pivot":{"x":15.225589752197266,"y":2.8780198097229006,"z":10.261152267456055},"rotation":{"x":-0.1669280081987381,"y":0.2689138650894165,"z":-0.046122580766677859,"w":-0.9476290941238403},"size":10.0,"orthographic":false}