{"cameraMode":{"drawMode":0,"name":"Shaded","section":"Shading Mode"},"sceneLighting":true,"audioPlay":false,"sceneViewState":{"showFog":true,"showMaterialUpdate":false,"showSkybox":true,"showFlares":true,"showImageEffects":true,"showParticleSystems":true},"in2DMode":false,"pivot":{"x":3.9031403064727785,"y":17.935129165649415,"z":51.97709655761719},"rotation":{"x":-0.1496732383966446,"y":-0.09039025008678436,"z":0.016943559050559999,"w":-0.9846177697181702},"size":27.91986083984375,"orthographic":false}