{"cameraMode":{"drawMode":0,"name":"Shaded","section":"Shading Mode"},"sceneLighting":true,"audioPlay":false,"sceneViewState":{"showFog":true,"showMaterialUpdate":false,"showSkybox":true,"showFlares":true,"showImageEffects":true,"showParticleSystems":true},"in2DMode":false,"pivot":{"x":60.160884857177737,"y":-21.381816864013673,"z":10.813376426696778},"rotation":{"x":-0.3890363276004791,"y":-0.6043762564659119,"z":0.42983171343803408,"w":-0.5466466546058655},"size":23.131933212280275,"orthographic":false}