{"cameraMode":{"drawMode":0,"name":"Shaded","section":"Shading Mode"},"sceneLighting":true,"audioPlay":false,"sceneViewState":{"showFog":true,"showMaterialUpdate":false,"showSkybox":true,"showFlares":true,"showImageEffects":true,"showParticleSystems":true},"in2DMode":false,"pivot":{"x":9.70689868927002,"y":-1.3033504486083985,"z":11.773833274841309},"rotation":{"x":-0.0024581151083111765,"y":0.9945938587188721,"z":-0.10179641097784043,"w":-0.02318538725376129},"size":2.299086093902588,"orthographic":false}