{"cameraMode":{"drawMode":0,"name":"Shaded","section":"Shading Mode"},"sceneLighting":true,"audioPlay":false,"sceneViewState":{"showFog":true,"showMaterialUpdate":false,"showSkybox":true,"showFlares":true,"showImageEffects":true,"showParticleSystems":true},"in2DMode":false,"pivot":{"x":15.154833793640137,"y":0.9630051851272583,"z":12.80436897277832},"rotation":{"x":-0.017837349325418474,"y":-0.9736769795417786,"z":0.2107023149728775,"w":-0.08687318861484528},"size":13.02379322052002,"orthographic":false}