{"cameraMode":{"drawMode":0,"name":"Shaded","section":"Shading Mode"},"sceneLighting":true,"audioPlay":false,"sceneViewState":{"showFog":true,"showMaterialUpdate":false,"showSkybox":true,"showFlares":true,"showImageEffects":true,"showParticleSystems":true},"in2DMode":false,"pivot":{"x":36.369998931884769,"y":0.8578588962554932,"z":55.7599983215332},"rotation":{"x":0.025650111958384515,"y":0.9184035658836365,"z":-0.060759320855140689,"w":0.39023131132125857},"size":2.5625014305114748,"orthographic":false}