{"cameraMode":{"drawMode":0,"name":"Shaded","section":"Shading Mode"},"sceneLighting":true,"audioPlay":false,"sceneViewState":{"showFog":true,"showMaterialUpdate":false,"showSkybox":true,"showFlares":true,"showImageEffects":true,"showParticleSystems":true},"in2DMode":false,"pivot":{"x":56.71416091918945,"y":18.746126174926759,"z":18.094554901123048},"rotation":{"x":-0.45737212896347048,"y":0.04461035877466202,"z":-0.021487565711140634,"w":-0.8880571722984314},"size":32.249759674072269,"orthographic":false}