{"cameraMode":{"drawMode":0,"name":"Shaded","section":"Shading Mode"},"sceneLighting":false,"audioPlay":false,"sceneViewState":{"showFog":true,"showMaterialUpdate":false,"showSkybox":false,"showFlares":true,"showImageEffects":true,"showParticleSystems":true},"in2DMode":false,"pivot":{"x":-0.5,"y":0.8137964606285095,"z":1.340000033378601},"rotation":{"x":0.14826923608779908,"y":-0.7999622821807861,"z":0.22002504765987397,"w":0.5384657979011536},"size":1.4738376140594483,"orthographic":false}