{"cameraMode":{"drawMode":0,"name":"Shaded","section":"Shading Mode"},"sceneLighting":true,"audioPlay":false,"sceneViewState":{"showFog":true,"showMaterialUpdate":false,"showSkybox":true,"showFlares":true,"showImageEffects":true,"showParticleSystems":true},"in2DMode":false,"pivot":{"x":46.617210388183597,"y":10.215316772460938,"z":104.76520538330078},"rotation":{"x":0.40475529432296755,"y":0.3317272961139679,"z":-0.16023176908493043,"w":0.8370439410209656},"size":51.43457794189453,"orthographic":false}