{"cameraMode":{"drawMode":0,"name":"Shaded","section":"Shading Mode"},"sceneLighting":true,"audioPlay":false,"sceneViewState":{"showFog":true,"showMaterialUpdate":false,"showSkybox":true,"showFlares":true,"showImageEffects":true,"showParticleSystems":true},"in2DMode":false,"pivot":{"x":26.531312942504884,"y":-16.97796630859375,"z":38.15818786621094},"rotation":{"x":0.0858914777636528,"y":-0.7713111639022827,"z":0.6216620802879334,"w":0.10693597793579102},"size":18.84882926940918,"orthographic":false}