{"cameraMode":{"drawMode":0,"name":"Shaded","section":"Shading Mode"},"sceneLighting":true,"audioPlay":false,"sceneViewState":{"showFog":true,"showMaterialUpdate":false,"showSkybox":true,"showFlares":true,"showImageEffects":true,"showParticleSystems":true},"in2DMode":false,"pivot":{"x":56.71416091918945,"y":18.746126174926759,"z":18.094554901123048},"rotation":{"x":-0.3952590227127075,"y":-0.10777060687541962,"z":0.048619095236063007,"w":-0.9110870957374573},"size":32.249759674072269,"orthographic":false}