{"cameraMode":{"drawMode":0,"name":"Shaded","section":"Shading Mode"},"sceneLighting":true,"audioPlay":false,"sceneViewState":{"showFog":true,"showMaterialUpdate":false,"showSkybox":true,"showFlares":true,"showImageEffects":true,"showParticleSystems":true},"in2DMode":false,"pivot":{"x":19.34633445739746,"y":2.0817553997039797,"z":96.78269958496094},"rotation":{"x":0.40475529432296755,"y":0.3317272961139679,"z":-0.16023176908493043,"w":0.8370439410209656},"size":19.222803115844728,"orthographic":false}