{"cameraMode":{"drawMode":0,"name":"Shaded","section":"Shading Mode"},"sceneLighting":true,"audioPlay":false,"sceneViewState":{"showFog":true,"showMaterialUpdate":false,"showSkybox":true,"showFlares":true,"showImageEffects":true,"showParticleSystems":true},"in2DMode":false,"pivot":{"x":76.49909973144531,"y":-132.54408264160157,"z":55.76234436035156},"rotation":{"x":-0.42601966857910159,"y":-0.5661048293113709,"z":0.43142464756965639,"w":-0.5586610436439514},"size":104.49052429199219,"orthographic":false}