{"cameraMode":{"drawMode":0,"name":"Shaded","section":"Shading Mode"},"sceneLighting":true,"audioPlay":false,"sceneViewState":{"showFog":true,"showMaterialUpdate":false,"showSkybox":true,"showFlares":true,"showImageEffects":true,"showParticleSystems":true},"in2DMode":false,"pivot":{"x":-2.020343780517578,"y":18.663240432739259,"z":73.4452133178711},"rotation":{"x":0.0791592076420784,"y":-0.8959247469902039,"z":0.17688651382923127,"w":0.40005430579185488},"size":61.31138229370117,"orthographic":false}