{"cameraMode":{"drawMode":0,"name":"Shaded","section":"Shading Mode"},"sceneLighting":true,"audioPlay":false,"sceneViewState":{"showFog":true,"showMaterialUpdate":false,"showSkybox":true,"showFlares":true,"showImageEffects":true,"showParticleSystems":true},"in2DMode":false,"pivot":{"x":32.5458869934082,"y":1.3218075037002564,"z":69.65935516357422},"rotation":{"x":0.008826659992337227,"y":-0.045846980065107349,"z":0.9989837408065796,"w":0.0001774991542333737},"size":9.187074661254883,"orthographic":false}