{"cameraMode":{"drawMode":0,"name":"Shaded","section":"Shading Mode"},"sceneLighting":true,"audioPlay":false,"sceneViewState":{"showFog":true,"showMaterialUpdate":false,"showSkybox":true,"showFlares":true,"showImageEffects":true,"showParticleSystems":true},"in2DMode":false,"pivot":{"x":30.88336753845215,"y":8.000014305114746,"z":116.77657318115235},"rotation":{"x":0.2622469961643219,"y":0.49727118015289309,"z":-0.16287577152252198,"w":0.8112078905105591},"size":32.544883728027347,"orthographic":false}