{"cameraMode":{"drawMode":0,"name":"Shaded","section":"Shading Mode"},"sceneLighting":true,"audioPlay":false,"sceneViewState":{"showFog":true,"showMaterialUpdate":false,"showSkybox":true,"showFlares":true,"showImageEffects":true,"showParticleSystems":true},"in2DMode":false,"pivot":{"x":24.9352970123291,"y":9.002177238464356,"z":92.4891586303711},"rotation":{"x":0.01338682509958744,"y":-0.1456248164176941,"z":0.0017491558101028205,"w":0.9893829226493836},"size":20.026084899902345,"orthographic":false}