{"cameraMode":{"drawMode":0,"name":"Shaded","section":"Shading Mode"},"sceneLighting":true,"audioPlay":false,"sceneViewState":{"showFog":true,"showMaterialUpdate":false,"showSkybox":true,"showFlares":true,"showImageEffects":true,"showParticleSystems":true},"in2DMode":false,"pivot":{"x":53.071510314941409,"y":4.2385640144348148,"z":99.03244018554688},"rotation":{"x":-0.021269917488098146,"y":-0.16431884467601777,"z":0.007115451153367758,"w":-0.9863523244857788},"size":18.5915584564209,"orthographic":false}