{"cameraMode":{"drawMode":0,"name":"Shaded","section":"Shading Mode"},"sceneLighting":true,"audioPlay":false,"sceneViewState":{"showFog":true,"showMaterialUpdate":false,"showSkybox":true,"showFlares":true,"showImageEffects":true,"showParticleSystems":true},"in2DMode":false,"pivot":{"x":34.3511962890625,"y":1.1044628620147706,"z":55.042579650878909},"rotation":{"x":-0.2292596697807312,"y":0.34291350841522219,"z":-0.08645013719797135,"w":-0.9068925380706787},"size":3.1007955074310304,"orthographic":false}