{"cameraMode":{"drawMode":0,"name":"Shaded","section":"Shading Mode"},"sceneLighting":true,"audioPlay":false,"sceneViewState":{"showFog":true,"showMaterialUpdate":false,"showSkybox":true,"showFlares":true,"showImageEffects":true,"showParticleSystems":true},"in2DMode":false,"pivot":{"x":15039.099609375,"y":55.0299072265625,"z":1504.1400146484375},"rotation":{"x":-0.04907659441232681,"y":0.742511510848999,"z":-0.05216379091143608,"w":-0.6663952469825745},"size":-0.4613109230995178,"orthographic":false}