{"cameraMode":{"drawMode":0,"name":"Shaded","section":"Shading Mode"},"sceneLighting":true,"audioPlay":false,"sceneViewState":{"showFog":true,"showMaterialUpdate":false,"showSkybox":true,"showFlares":true,"showImageEffects":true,"showParticleSystems":true},"in2DMode":false,"pivot":{"x":82.617431640625,"y":69.6103744506836,"z":27.26734161376953},"rotation":{"x":-0.33298206329345705,"y":0.6483814716339111,"z":-0.3785379230976105,"w":-0.5706267356872559},"size":-16.55846405029297,"orthographic":false}