{"cameraMode":{"drawMode":0,"name":"Shaded","section":"Shading Mode"},"sceneLighting":true,"audioPlay":false,"sceneViewState":{"showFog":true,"showMaterialUpdate":false,"showSkybox":true,"showFlares":true,"showImageEffects":true,"showParticleSystems":true},"in2DMode":false,"pivot":{"x":14.172083854675293,"y":6.184442520141602,"z":96.1585464477539},"rotation":{"x":-0.23974695801734925,"y":0.4669432044029236,"z":-0.13316485285758973,"w":-0.840689480304718},"size":1.3403695821762086,"orthographic":false}