{"cameraMode":{"drawMode":0,"name":"Shaded","section":"Shading Mode"},"sceneLighting":true,"audioPlay":false,"sceneViewState":{"showFog":true,"showMaterialUpdate":false,"showSkybox":true,"showFlares":true,"showImageEffects":true,"showParticleSystems":true},"in2DMode":false,"pivot":{"x":25.5266170501709,"y":-2.4845471382141115,"z":49.65730667114258},"rotation":{"x":0.045998070389032367,"y":-0.851660430431366,"z":0.07547193765640259,"w":0.51666259765625},"size":9.635198593139649,"orthographic":false}