{"cameraMode":{"drawMode":0,"name":"Shaded","section":"Shading Mode"},"sceneLighting":true,"audioPlay":false,"sceneViewState":{"showFog":true,"showMaterialUpdate":false,"showSkybox":true,"showFlares":true,"showImageEffects":true,"showParticleSystems":true},"in2DMode":false,"pivot":{"x":10.00965690612793,"y":0.041190147399902347,"z":18.26700210571289},"rotation":{"x":0.011015845462679863,"y":-0.9867175221443176,"z":0.14457300305366517,"w":0.07403288036584854},"size":1.8695783615112305,"orthographic":false}