{"cameraMode":{"drawMode":0,"name":"Shaded","section":"Shading Mode"},"sceneLighting":true,"audioPlay":false,"sceneViewState":{"showFog":true,"showMaterialUpdate":false,"showSkybox":true,"showFlares":true,"showImageEffects":true,"showParticleSystems":true},"in2DMode":false,"pivot":{"x":14.330612182617188,"y":2.026841878890991,"z":6.903675079345703},"rotation":{"x":0.2901889681816101,"y":-0.5058791637420654,"z":0.184565931558609,"w":0.7912446856498718},"size":1.3921489715576172,"orthographic":false}