{"cameraMode":{"drawMode":0,"name":"Shaded","section":"Shading Mode"},"sceneLighting":true,"audioPlay":false,"sceneViewState":{"showFog":true,"showMaterialUpdate":false,"showSkybox":true,"showFlares":true,"showImageEffects":true,"showParticleSystems":true},"in2DMode":false,"pivot":{"x":8.051072120666504,"y":1.2627406120300294,"z":17.393001556396486},"rotation":{"x":-0.006454664282500744,"y":0.7941577434539795,"z":0.008287298493087292,"w":0.6077190637588501},"size":0.9948069453239441,"orthographic":false}