{"cameraMode":{"drawMode":0,"name":"Shaded","section":"Shading Mode"},"sceneLighting":true,"audioPlay":false,"sceneViewState":{"showFog":true,"showMaterialUpdate":false,"showSkybox":true,"showFlares":true,"showImageEffects":true,"showParticleSystems":true},"in2DMode":false,"pivot":{"x":37.00019073486328,"y":9.750000953674317,"z":8.459983825683594},"rotation":{"x":-0.08499271422624588,"y":0.6957045197486877,"z":0.08383491635322571,"w":0.7084826231002808},"size":20.24016571044922,"orthographic":false}