{"cameraMode":{"drawMode":0,"name":"Shaded","section":"Shading Mode"},"sceneLighting":true,"audioPlay":false,"sceneViewState":{"showFog":true,"showMaterialUpdate":false,"showSkybox":true,"showFlares":true,"showImageEffects":true,"showParticleSystems":true},"in2DMode":false,"pivot":{"x":14927.7099609375,"y":19.79276466369629,"z":1477.07080078125},"rotation":{"x":0.06655066460371018,"y":-0.8648574352264404,"z":0.11869421601295471,"w":0.4833090007305145},"size":43.316402435302737,"orthographic":false}