{"cameraMode":{"drawMode":0,"name":"Shaded","section":"Shading Mode"},"sceneLighting":true,"audioPlay":false,"sceneViewState":{"showFog":true,"showMaterialUpdate":false,"showSkybox":true,"showFlares":true,"showImageEffects":true,"showParticleSystems":true},"in2DMode":false,"pivot":{"x":97.98263549804688,"y":1.3168212175369263,"z":2.2345354557037355},"rotation":{"x":-0.002751170890405774,"y":0.9950761198997498,"z":-0.09581414610147476,"w":-0.02708313800394535},"size":4.330127239227295,"orthographic":false}