{"cameraMode":{"drawMode":0,"name":"Shaded","section":"Shading Mode"},"sceneLighting":true,"audioPlay":false,"sceneViewState":{"showFog":true,"showMaterialUpdate":false,"showSkybox":true,"showFlares":true,"showImageEffects":true,"showParticleSystems":true},"in2DMode":false,"pivot":{"x":3.9167392253875734,"y":2.6842424869537355,"z":98.41107940673828},"rotation":{"x":-0.24948754906654359,"y":-0.32212916016578677,"z":0.08862871676683426,"w":-0.909000813961029},"size":116.69918823242188,"orthographic":false}