{"cameraMode":{"drawMode":0,"name":"Shaded","section":"Shading Mode"},"sceneLighting":true,"audioPlay":false,"sceneViewState":{"showFog":true,"showMaterialUpdate":false,"showSkybox":true,"showFlares":true,"showImageEffects":true,"showParticleSystems":true},"in2DMode":false,"pivot":{"x":-18.752410888671876,"y":-40.07160568237305,"z":-50.57123565673828},"rotation":{"x":0.05047345906496048,"y":-0.9424333572387695,"z":0.16503600776195527,"w":0.2866773009300232},"size":64.9481201171875,"orthographic":false}