{"cameraMode":{"drawMode":0,"name":"Shaded","section":"Shading Mode"},"sceneLighting":true,"audioPlay":false,"sceneViewState":{"showFog":true,"showMaterialUpdate":false,"showSkybox":true,"showFlares":true,"showImageEffects":true,"showParticleSystems":true},"in2DMode":false,"pivot":{"x":-81.94815826416016,"y":-61.68077087402344,"z":148.55043029785157},"rotation":{"x":-0.19250620901584626,"y":0.45352602005004885,"z":-0.10072389245033264,"w":-0.8644309043884277},"size":106.20281219482422,"orthographic":false}