{"cameraMode":{"drawMode":0,"name":"Shaded","section":"Shading Mode"},"sceneLighting":true,"audioPlay":false,"sceneViewState":{"showFog":true,"showMaterialUpdate":false,"showSkybox":true,"showFlares":true,"showImageEffects":true,"showParticleSystems":true},"in2DMode":false,"pivot":{"x":146.15724182128907,"y":-50.63755416870117,"z":98.78125762939453},"rotation":{"x":0.2173192799091339,"y":0.5419389605522156,"z":-0.1475721150636673,"w":0.798323392868042},"size":59.65823745727539,"orthographic":false}