{"cameraMode":{"drawMode":0,"name":"Shaded","section":"Shading Mode"},"sceneLighting":true,"audioPlay":false,"sceneViewState":{"showFog":true,"showMaterialUpdate":false,"showSkybox":true,"showFlares":true,"showImageEffects":true,"showParticleSystems":true},"in2DMode":false,"pivot":{"x":202.122802734375,"y":28.98621368408203,"z":83.69981384277344},"rotation":{"x":-0.04385863617062569,"y":-0.6073805689811707,"z":0.033962417393922809,"w":-0.792529284954071},"size":10.991369247436524,"orthographic":false}