{"cameraMode":{"drawMode":0,"name":"Shaded","section":"Shading Mode"},"sceneLighting":true,"audioPlay":false,"sceneViewState":{"showFog":true,"showMaterialUpdate":false,"showSkybox":true,"showFlares":true,"showImageEffects":true,"showParticleSystems":true},"in2DMode":false,"pivot":{"x":29.965133666992189,"y":-15.97032642364502,"z":89.25454711914063},"rotation":{"x":0.04124816507101059,"y":0.955046534538269,"z":-0.23085913062095643,"w":0.18266069889068604},"size":27.277860641479493,"orthographic":false}