{"cameraMode":{"drawMode":0,"name":"Shaded","section":"Shading Mode"},"sceneLighting":true,"audioPlay":false,"sceneViewState":{"showFog":true,"showMaterialUpdate":false,"showSkybox":true,"showFlares":true,"showImageEffects":true,"showParticleSystems":true},"in2DMode":false,"pivot":{"x":34.0994758605957,"y":64.20932006835938,"z":51.745758056640628},"rotation":{"x":0.4730357527732849,"y":0.5262942910194397,"z":-0.49546757340431216,"w":0.5039612650871277},"size":31.942787170410158,"orthographic":false}