{"cameraMode":{"drawMode":0,"name":"Shaded","section":"Shading Mode"},"sceneLighting":true,"audioPlay":false,"sceneViewState":{"showFog":true,"showMaterialUpdate":false,"showSkybox":true,"showFlares":true,"showImageEffects":true,"showParticleSystems":true},"in2DMode":false,"pivot":{"x":25.056570053100587,"y":-3.9173004627227785,"z":20.801748275756837},"rotation":{"x":-0.10120941698551178,"y":-0.3972250819206238,"z":0.04513731971383095,"w":-0.9111345410346985},"size":17.452682495117189,"orthographic":false}