{"cameraMode":{"drawMode":0,"name":"Shaded","section":"Shading Mode"},"sceneLighting":true,"audioPlay":false,"sceneViewState":{"showFog":true,"showMaterialUpdate":false,"showSkybox":true,"showFlares":true,"showImageEffects":true,"showParticleSystems":true},"in2DMode":false,"pivot":{"x":10.00965690612793,"y":0.041190147399902347,"z":18.26700210571289},"rotation":{"x":-0.0024581151083111765,"y":0.9945938587188721,"z":-0.10179641097784043,"w":-0.02318538725376129},"size":24.24871063232422,"orthographic":false}