{"cameraMode":{"drawMode":0,"name":"Shaded","section":"Shading Mode"},"sceneLighting":true,"audioPlay":false,"sceneViewState":{"showFog":true,"showMaterialUpdate":false,"showSkybox":true,"showFlares":true,"showImageEffects":true,"showParticleSystems":true},"in2DMode":false,"pivot":{"x":6.81446647644043,"y":2.4172706604003908,"z":98.60484313964844},"rotation":{"x":0.09851197153329849,"y":0.6501759886741638,"z":-0.08504893630743027,"w":0.7487241625785828},"size":2.5926804542541506,"orthographic":false}