{"cameraMode":{"drawMode":0,"name":"Shaded","section":"Shading Mode"},"sceneLighting":true,"audioPlay":false,"sceneViewState":{"showFog":true,"showMaterialUpdate":false,"showSkybox":true,"showFlares":true,"showImageEffects":true,"showParticleSystems":true},"in2DMode":false,"pivot":{"x":45.44150161743164,"y":2.1840126514434816,"z":10.976783752441407},"rotation":{"x":-0.5316212773323059,"y":-0.4682042598724365,"z":0.504050612449646,"w":-0.49428999423980715},"size":17.713804244995118,"orthographic":false}