{"cameraMode":{"drawMode":0,"name":"Shaded","section":"Shading Mode"},"sceneLighting":true,"audioPlay":false,"sceneViewState":{"showFog":true,"showMaterialUpdate":false,"showSkybox":true,"showFlares":true,"showImageEffects":true,"showParticleSystems":true},"in2DMode":false,"pivot":{"x":197.76841735839845,"y":6.9881744384765629,"z":125.09819793701172},"rotation":{"x":-0.11385636776685715,"y":-0.3999260663986206,"z":0.052447665482759479,"w":-0.9081273078918457},"size":64.39047241210938,"orthographic":false}