{"cameraMode":{"drawMode":0,"name":"Shaded","section":"Shading Mode"},"sceneLighting":true,"audioPlay":false,"sceneViewState":{"showFog":true,"showMaterialUpdate":false,"showSkybox":true,"showFlares":true,"showImageEffects":true,"showParticleSystems":true},"in2DMode":false,"pivot":{"x":96.37677764892578,"y":-27.655473709106447,"z":108.53044891357422},"rotation":{"x":0.48048409819602969,"y":0.5065828561782837,"z":-0.4196348488330841,"w":0.5800259709358215},"size":59.65823745727539,"orthographic":false}