{"cameraMode":{"drawMode":0,"name":"Shaded","section":"Shading Mode"},"sceneLighting":true,"audioPlay":false,"sceneViewState":{"showFog":true,"showMaterialUpdate":false,"showSkybox":true,"showFlares":true,"showImageEffects":true,"showParticleSystems":true},"in2DMode":false,"pivot":{"x":5.755557537078857,"y":7.9611382484436039,"z":8.225333213806153},"rotation":{"x":0.007714180741459131,"y":-0.9912099242210388,"z":0.12399708479642868,"w":0.04859323054552078},"size":1.9921488761901856,"orthographic":false}