{"cameraMode":{"drawMode":0,"name":"Shaded","section":"Shading Mode"},"sceneLighting":true,"audioPlay":false,"sceneViewState":{"showFog":true,"showMaterialUpdate":false,"showSkybox":true,"showFlares":true,"showImageEffects":true,"showParticleSystems":true},"in2DMode":false,"pivot":{"x":49.438663482666019,"y":38.03133773803711,"z":-15.21700382232666},"rotation":{"x":0.3356955051422119,"y":-0.010734961368143559,"z":0.0015485140029340983,"w":0.9422434568405151},"size":1.1690809726715088,"orthographic":false}