{"cameraMode":{"drawMode":0,"name":"Shaded","section":"Shading Mode"},"sceneLighting":true,"audioPlay":false,"sceneViewState":{"showFog":true,"showMaterialUpdate":false,"showSkybox":true,"showFlares":true,"showImageEffects":true,"showParticleSystems":true},"in2DMode":false,"pivot":{"x":51.66714859008789,"y":6.690805435180664,"z":57.314544677734378},"rotation":{"x":-0.024532783776521684,"y":0.9676184058189392,"z":-0.10374545305967331,"w":-0.22880680859088899},"size":7.8077168464660648,"orthographic":false}