{"cameraMode":{"drawMode":0,"name":"Shaded","section":"Shading Mode"},"sceneLighting":true,"audioPlay":false,"sceneViewState":{"showFog":true,"showMaterialUpdate":false,"showSkybox":true,"showFlares":true,"showImageEffects":true,"showParticleSystems":true},"in2DMode":false,"pivot":{"x":16.954212188720704,"y":-1.6432499885559083,"z":63.67256546020508},"rotation":{"x":0.11063120514154434,"y":-0.6663254499435425,"z":0.10091612488031388,"w":0.7304738759994507},"size":2.098503828048706,"orthographic":false}