{"cameraMode":{"drawMode":0,"name":"Shaded","section":"Shading Mode"},"sceneLighting":true,"audioPlay":false,"sceneViewState":{"showFog":true,"showMaterialUpdate":false,"showSkybox":true,"showFlares":true,"showImageEffects":true,"showParticleSystems":true},"in2DMode":false,"pivot":{"x":28.265609741210939,"y":7.139550685882568,"z":65.96123504638672},"rotation":{"x":-0.05836339667439461,"y":-0.5528672337532044,"z":0.034830156713724139,"w":-0.830681562423706},"size":0.39982563257217409,"orthographic":false}