{"cameraMode":{"drawMode":0,"name":"Shaded","section":"Shading Mode"},"sceneLighting":true,"audioPlay":false,"sceneViewState":{"showFog":true,"showMaterialUpdate":false,"showSkybox":true,"showFlares":true,"showImageEffects":true,"showParticleSystems":true},"in2DMode":false,"pivot":{"x":49.18607711791992,"y":3.751748561859131,"z":52.60308837890625},"rotation":{"x":-0.034985072910785678,"y":-0.9566288590431213,"z":0.26635661721229555,"w":-0.11399485170841217},"size":5.5755414962768559,"orthographic":false}